{
  "normal": [-6.613857662736873089e-03, -9.998207740635888241e-01, -1.773912730951216279e-02],
  "distance": -1.684677553916568593e+00
}
