{
  "normal": [-1.220921993720055186e-02, 2.798845739362088372e-03, 9.999215476281387849e-01],
  "distance": 1.779603641715662210e+00
}
