{
  "normal": [-8.553363958270060116e-03, -9.997672314438890151e-01, -1.980714255057670556e-02],
  "distance": -1.711579179896334013e+00
}
